Author_Name,Book_Title,Goodreads_Link
Liane_Moriarty,Big Little Lies,https://www.goodreads.com/book/show/19486412-big-little-lies
Liane_Moriarty,The Husband's Secret,https://www.goodreads.com/book/show/17802724-the-husband-s-secret
Liane_Moriarty,What Alice Forgot,https://www.goodreads.com/book/show/6469165-what-alice-forgot
Liane_Moriarty,Truly Madly Guilty,https://www.goodreads.com/book/show/26247008-truly-madly-guilty
Liane_Moriarty,Three Wishes,https://www.goodreads.com/book/show/1466455.Three_Wishes
Liane_Moriarty,The Hypnotist's Love Story,https://www.goodreads.com/book/show/23751850-the-hypnotist-s-love-story
Liane_Moriarty,The Last Anniversary,https://www.goodreads.com/book/show/1282954.The_Last_Anniversary
Liane_Moriarty,The Husband's Secret Free Preview,https://www.goodreads.com/book/show/18906484-the-husband-s-secret-free-preview
Liane_Moriarty,Three Wishes / The Last Anniversary,https://www.goodreads.com/book/show/7944840-three-wishes-the-last-anniversary
Liane_Moriarty,Mothers and Others,https://www.goodreads.com/book/show/25278673-mothers-and-others
Liane_Moriarty,Earthling Ambassador (Nicola Berry: Earthling Ambassador #1),https://www.goodreads.com/book/show/6285633-earthling-ambassador
Liane_Moriarty,The Shobble Secret (Nicola Berry: Earthling Ambassador #2),https://www.goodreads.com/book/show/6285634-the-shobble-secret
Liane_Moriarty,Three Novels by Liane Moriarty,https://www.goodreads.com/book/show/25081187-three-novels-by-liane-moriarty
Liane_Moriarty,War on Whimsy (Nicola Berry: Earthling Ambassador #3),https://www.goodreads.com/book/show/7634027-war-on-whimsy
Liane_Moriarty,Mothers' Group,https://www.goodreads.com/book/show/31308173-mothers-group
Liane_Moriarty,"Un peu, beaucoup, à la folie",https://www.goodreads.com/book/show/38314433-un-peu-beaucoup-la-folie
Liane_Moriarty,"Extrait gratuit ""Petits Secrets, grands mensonges""",https://www.goodreads.com/book/show/31277487-extrait-gratuit-petits-secrets-grands-mensonges
Liane_Moriarty,Suured väikesed valed,https://www.goodreads.com/book/show/38121153-suured-v-ikesed-valed
Liane_Moriarty,The Fraudsters,https://www.goodreads.com/book/show/28680495-the-fraudsters
Liane_Moriarty,En annan Alice,https://www.goodreads.com/book/show/38710248-en-annan-alice
Liane_Moriarty,Nicola Berry and the Wicked War on the Planet of Whimsy #3,https://www.goodreads.com/book/show/37651723-nicola-berry-and-the-wicked-war-on-the-planet-of-whimsy-3
Liane_Moriarty,"Nicola Berry, Books 1-3",https://www.goodreads.com/book/show/36717952-nicola-berry-books-1-3
Liane_Moriarty,Nicola Berry: The Complete Collection,https://www.goodreads.com/book/show/38398222-nicola-berry
Liane_Moriarty,Nicola Berry and the Petrifying Problem with Princess Petronella #1,https://www.goodreads.com/book/show/37588780-nicola-berry-and-the-petrifying-problem-with-princess-petronella-1
Author_Name,Book_Title,Goodreads_Link
Jojo_Moyes,"Me Before You (Me Before You, #1)",https://www.goodreads.com/book/show/15507958-me-before-you
Jojo_Moyes,"After You (Me Before You, #2)",https://www.goodreads.com/book/show/25041504-after-you
Jojo_Moyes,One Plus One,https://www.goodreads.com/book/show/18693716-one-plus-one
Jojo_Moyes,The Girl You Left Behind,https://www.goodreads.com/book/show/17572903-the-girl-you-left-behind
Jojo_Moyes,The Last Letter from Your Lover,https://www.goodreads.com/book/show/10163292-the-last-letter-from-your-lover
Jojo_Moyes,The Ship of Brides,https://www.goodreads.com/book/show/1373381.The_Ship_of_Brides
Jojo_Moyes,"Still Me (Me Before You, #3)",https://www.goodreads.com/book/show/35791968-still-me
Jojo_Moyes,Silver Bay,https://www.goodreads.com/book/show/2895896-silver-bay
Jojo_Moyes,Paris for One and Other Stories,https://www.goodreads.com/book/show/29430049-paris-for-one-and-other-stories
Jojo_Moyes,Honeymoon in Paris,https://www.goodreads.com/book/show/15837724-honeymoon-in-paris
Jojo_Moyes,The Horse Dancer,https://www.goodreads.com/book/show/7976897-the-horse-dancer
Jojo_Moyes,Sheltering Rain,https://www.goodreads.com/book/show/506094.Sheltering_Rain
Jojo_Moyes,Paris for One,https://www.goodreads.com/book/show/24389206-paris-for-one
Jojo_Moyes,Foreign Fruit,https://www.goodreads.com/book/show/1172549.Foreign_Fruit
Jojo_Moyes,Night Music,https://www.goodreads.com/book/show/5121710-night-music
Jojo_Moyes,Peacock Emporium,https://www.goodreads.com/book/show/730530.Peacock_Emporium
Jojo_Moyes,The Book Lovers' Appreciation Society,https://www.goodreads.com/book/show/6663783-the-book-lovers-appreciation-society
Jojo_Moyes,Me Before You and After You Boxed Set,https://www.goodreads.com/book/show/30687550-me-before-you-and-after-you-boxed-set
Jojo_Moyes,La liste de Noël,https://www.goodreads.com/book/show/23732805-la-liste-de-no-l
Jojo_Moyes,The One Plus One: Free Ebook Sampler,https://www.goodreads.com/book/show/20802681-the-one-plus-one
Jojo_Moyes,Luna di miele a Parigi / La ragazza che hai lasciato,https://www.goodreads.com/book/show/26215422-luna-di-miele-a-parigi-la-ragazza-che-hai-lasciato
Jojo_Moyes,Does My Goldfish Know Who I Am?: and hundreds more Big Questions from Little People answered by experts,https://www.goodreads.com/book/show/22593408-does-my-goldfish-know-who-i-am
Jojo_Moyes,Of Love and Life: The Ship of Brides / The Undomestic Goddess / No Place Like Home,https://www.goodreads.com/book/show/920667.Of_Love_and_Life
Jojo_Moyes,Kleine Fluchten - Geschichten vom Hoffen und Wünschen,https://www.goodreads.com/book/show/36551165-kleine-fluchten---geschichten-vom-hoffen-und-w-nschen
Jojo_Moyes,Bad Luck and Trouble  / Silver Bay / Losing You / Treasure of Khan,https://www.goodreads.com/book/show/17704459-bad-luck-and-trouble-silver-bay-losing-you-treasure-of-khan
Jojo_Moyes,Les Essentiels de la Littérature #1,https://www.goodreads.com/book/show/24376439-les-essentiels-de-la-litt-rature-1
Jojo_Moyes,Crocodile Shoes,https://www.goodreads.com/book/show/37588254-crocodile-shoes
Jojo_Moyes,Of Love and Life: The Horse Dancer / Look Again / A Spring Affair,https://www.goodreads.com/book/show/23249526-of-love-and-life
Jojo_Moyes,Jojo Moyes Collection The Girl You Left Behind 5 Books Bundle Gift Wrapped Slipcase Specially For You,https://www.goodreads.com/book/show/33000986-jojo-moyes-collection-the-girl-you-left-behind-5-books-bundle-gift-wrapp
Jojo_Moyes,Het Beste Boek - 248,https://www.goodreads.com/book/show/37645186-het-beste-boek---248
Author_Name,Book_Title,Goodreads_Link
Dave_Eggers,A Heartbreaking Work of Staggering Genius,https://www.goodreads.com/book/show/4953.A_Heartbreaking_Work_of_Staggering_Genius
Dave_Eggers,The Circle,https://www.goodreads.com/book/show/18302455-the-circle
Dave_Eggers,What Is the What,https://www.goodreads.com/book/show/4952.What_Is_the_What
Dave_Eggers,Zeitoun,https://www.goodreads.com/book/show/6512154-zeitoun
Dave_Eggers,You Shall Know Our Velocity!,https://www.goodreads.com/book/show/4954.You_Shall_Know_Our_Velocity_
Dave_Eggers,A Hologram for the King,https://www.goodreads.com/book/show/13722902-a-hologram-for-the-king
Dave_Eggers,How We Are Hungry,https://www.goodreads.com/book/show/4955.How_We_Are_Hungry
Dave_Eggers,Heroes of the Frontier,https://www.goodreads.com/book/show/29889972-heroes-of-the-frontier
Dave_Eggers,The Wild Things,https://www.goodreads.com/book/show/6387925-the-wild-things
Dave_Eggers,"Your Fathers, Where Are They? And the Prophets, Do They Live Forever?",https://www.goodreads.com/book/show/21912673-your-fathers-where-are-they-and-the-prophets-do-they-live-forever
Dave_Eggers,The Best American Nonrequired Reading 2007,https://www.goodreads.com/book/show/821708.The_Best_American_Nonrequired_Reading_2007
Dave_Eggers,Created in Darkness by Troubled Americans: The Best of McSweeney's Humor Category,https://www.goodreads.com/book/show/22431.Created_in_Darkness_by_Troubled_Americans
Dave_Eggers,The Best American Nonrequired Reading 2006,https://www.goodreads.com/book/show/22428.The_Best_American_Nonrequired_Reading_2006
Dave_Eggers,Her Right Foot,https://www.goodreads.com/book/show/34523572-her-right-foot
Dave_Eggers,The Best American Nonrequired Reading 2003,https://www.goodreads.com/book/show/43422.The_Best_American_Nonrequired_Reading_2003
Dave_Eggers,The Best American Nonrequired Reading 2008,https://www.goodreads.com/book/show/3234078-the-best-american-nonrequired-reading-2008
Dave_Eggers,The Best American Nonrequired Reading 2004,https://www.goodreads.com/book/show/41226.The_Best_American_Nonrequired_Reading_2004
Dave_Eggers,The Best American Nonrequired Reading 2005,https://www.goodreads.com/book/show/22430.The_Best_American_Nonrequired_Reading_2005
Dave_Eggers,The Best American Nonrequired Reading 2010,https://www.goodreads.com/book/show/6966895-the-best-american-nonrequired-reading-2010
Dave_Eggers,The Best American Nonrequired Reading 2011,https://www.goodreads.com/book/show/10825360-the-best-american-nonrequired-reading-2011
Dave_Eggers,The Best American Nonrequired Reading 2009,https://www.goodreads.com/book/show/6339699-the-best-american-nonrequired-reading-2009
Dave_Eggers,The Best American Nonrequired Reading 2002,https://www.goodreads.com/book/show/41227.The_Best_American_Nonrequired_Reading_2002
Dave_Eggers,The Monk of Mokha,https://www.goodreads.com/book/show/35215524-the-monk-of-mokha
Dave_Eggers,The Best American Nonrequired Reading 2012,https://www.goodreads.com/book/show/13429606-the-best-american-nonrequired-reading-2012
Dave_Eggers,"One Hundred and Forty Five Stories in a Small Box: Hard to Admit and Harder to Escape, How the Water Feels to the Fishes, and Minor Robberies",https://www.goodreads.com/book/show/380214.One_Hundred_and_Forty_Five_Stories_in_a_Small_Box
Dave_Eggers,The Best American Nonrequired Reading 2013,https://www.goodreads.com/book/show/17166026-the-best-american-nonrequired-reading-2013
Dave_Eggers,This Bridge Will Not Be Gray,https://www.goodreads.com/book/show/24945405-this-bridge-will-not-be-gray
Dave_Eggers,McSweeney's #16,https://www.goodreads.com/book/show/52992.McSweeney_s_16
Dave_Eggers,McSweeney's #20,https://www.goodreads.com/book/show/52994.McSweeney_s_20
Dave_Eggers,"The Better of McSweeney's, Vol. 1",https://www.goodreads.com/book/show/15590.The_Better_of_McSweeney_s_Vol_1
Author_Name,Book_Title,Goodreads_Link
Andr_Aciman,Call Me by Your Name,https://www.goodreads.com/book/show/98687.Call_Me_by_Your_Name
Andr_Aciman,Journey into the Past,https://www.goodreads.com/book/show/7938057-journey-into-the-past
Andr_Aciman,Becket,https://www.goodreads.com/book/show/106197.Becket
Andr_Aciman,Enigma Variations,https://www.goodreads.com/book/show/29875935-enigma-variations
Andr_Aciman,Out of Egypt: A Memoir,https://www.goodreads.com/book/show/115161.Out_of_Egypt
Andr_Aciman,Harvard Square,https://www.goodreads.com/book/show/16136813-harvard-square
Andr_Aciman,Monsieur Proust,https://www.goodreads.com/book/show/379255.Monsieur_Proust
Andr_Aciman,Eight White Nights,https://www.goodreads.com/book/show/6670382-eight-white-nights
Andr_Aciman,Alibis: Essays on Elsewhere,https://www.goodreads.com/book/show/11250080-alibis
Andr_Aciman,False Papers,https://www.goodreads.com/book/show/115162.False_Papers
Andr_Aciman,"Letters of Transit: Reflections on Exile, Identity, Language, and Loss",https://www.goodreads.com/book/show/166699.Letters_of_Transit
Andr_Aciman,Alexandrian Summer,https://www.goodreads.com/book/show/25434237-alexandrian-summer
Andr_Aciman,Writers on Writing: Collected Essays from ''The New York Times'',https://www.goodreads.com/book/show/2865124-writers-on-writing
Andr_Aciman,The Proust Project,https://www.goodreads.com/book/show/175979.The_Proust_Project
Andr_Aciman,The Good Book: Writers Reflect on Favorite Bible Passages,https://www.goodreads.com/book/show/25205398-the-good-book
Andr_Aciman,"Tell Me True: Memoir, History, and Writing a Life",https://www.goodreads.com/book/show/6594129-tell-me-true
Andr_Aciman,Call me by your name,https://www.goodreads.com/book/show/38480347-call-me-by-your-name
Andr_Aciman,The Light of New York,https://www.goodreads.com/book/show/2083590.The_Light_of_New_York
Andr_Aciman,"World Monuments: 50 Irreplaceable Sites To Discover, Explore, and Champion",https://www.goodreads.com/book/show/25614914-world-monuments
Andr_Aciman,Entrez: Signs of France,https://www.goodreads.com/book/show/20416061-entrez
Andr_Aciman,Granta Brasil 13: Traição,https://www.goodreads.com/book/show/25342634-granta-brasil-13
Andr_Aciman,Call Me by Your Name Ruf mich bei deinem Namen: Roman,https://www.goodreads.com/book/show/38323155-call-me-by-your-name-ruf-mich-bei-deinem-namen
Andr_Aciman,PEN America Issue 2: Home and Away,https://www.goodreads.com/book/show/19520966-pen-america-issue-2
Andr_Aciman,Padres en el fondo,https://www.goodreads.com/book/show/37778127-padres-en-el-fondo
Andr_Aciman,Secular Spirituality: Passionate Journey to a Rational Judaism,https://www.goodreads.com/book/show/25855356-secular-spirituality
Author_Name,Book_Title,Goodreads_Link
Nicola_Yoon,Fresh Ink: An Anthology,https://www.goodreads.com/book/show/31292315-fresh-ink
Nicola_Yoon,Hope Nation: YA Authors Share Personal Moments of Inspiration,https://www.goodreads.com/book/show/34959355-hope-nation
Nicola_Yoon,Meet Cute: Some People Are Destined to Meet,https://www.goodreads.com/book/show/33503607-meet-cute
Nicola_Yoon,Because You Love to Hate Me: 13 Tales of Villainy,https://www.goodreads.com/book/show/31450752-because-you-love-to-hate-me
Nicola_Yoon,Penguin Random House Audio Story Sampler,https://www.goodreads.com/book/show/35059661-penguin-random-house-audio-story-sampler
Nicola_Yoon,The Sun Is Also a Star,https://www.goodreads.com/book/show/28763485-the-sun-is-also-a-star
Nicola_Yoon,"Everything, Everything",https://www.goodreads.com/book/show/18692431-everything-everything
Nicola_Yoon,Leseprobe: The Sun Is Also a Star: Ein einziger Tag für die Liebe,https://www.goodreads.com/book/show/34386658-leseprobe
Nicola_Yoon,"Everything, Everything AND The Sun Is Also a Star Two-book Bundle",https://www.goodreads.com/book/show/36900021-everything-everything-and-the-sun-is-also-a-star-two-book-bundle
Author_Name,Book_Title,Goodreads_Link
Colm_T_ib_n,Brooklyn,https://www.goodreads.com/book/show/4954833-brooklyn
Colm_T_ib_n,Nora Webster,https://www.goodreads.com/book/show/21412360-nora-webster
Colm_T_ib_n,The Testament of Mary,https://www.goodreads.com/book/show/13547234-the-testament-of-mary
Colm_T_ib_n,The Master,https://www.goodreads.com/book/show/43691.The_Master
Colm_T_ib_n,The Blackwater Lightship,https://www.goodreads.com/book/show/43702.The_Blackwater_Lightship
Colm_T_ib_n,House of Names,https://www.goodreads.com/book/show/29344653-house-of-names
Colm_T_ib_n,The Story of the Night,https://www.goodreads.com/book/show/193897.The_Story_of_the_Night
Colm_T_ib_n,The Empty Family,https://www.goodreads.com/book/show/7823598-the-empty-family
Colm_T_ib_n,Mothers and Sons,https://www.goodreads.com/book/show/43699.Mothers_and_Sons
Colm_T_ib_n,The Heather Blazing,https://www.goodreads.com/book/show/1052644.The_Heather_Blazing
Colm_T_ib_n,The South,https://www.goodreads.com/book/show/43700.The_South
Colm_T_ib_n,Homage to Barcelona,https://www.goodreads.com/book/show/43701.Homage_to_Barcelona
Colm_T_ib_n,Love in a Dark Time: and Other Explorations of Gay Lives and Literature,https://www.goodreads.com/book/show/43705.Love_in_a_Dark_Time
Colm_T_ib_n,New Ways to Kill Your Mother: Writers and Their Families,https://www.goodreads.com/book/show/13227440-new-ways-to-kill-your-mother
Colm_T_ib_n,On Elizabeth Bishop,https://www.goodreads.com/book/show/23744517-on-elizabeth-bishop
Colm_T_ib_n,Bad Blood: A Walk Along the Irish Border,https://www.goodreads.com/book/show/274467.Bad_Blood
Colm_T_ib_n,The Sign of the Cross: Travels in Catholic Europe,https://www.goodreads.com/book/show/1985837.The_Sign_of_the_Cross
Colm_T_ib_n,Lady Gregory's Toothbrush,https://www.goodreads.com/book/show/1627961.Lady_Gregory_s_Toothbrush
Colm_T_ib_n,The Modern Library,https://www.goodreads.com/book/show/1052650.The_Modern_Library
Colm_T_ib_n,The Irish Famine,https://www.goodreads.com/book/show/1052645.The_Irish_Famine
Colm_T_ib_n,Een lange winter,https://www.goodreads.com/book/show/9960181-een-lange-winter
Colm_T_ib_n,A Guest at the Feast,https://www.goodreads.com/book/show/13329529-a-guest-at-the-feast
Colm_T_ib_n,The Penguin Book of Irish Fiction,https://www.goodreads.com/book/show/867658.The_Penguin_Book_of_Irish_Fiction
Colm_T_ib_n,All a Novelist Needs: Colm Tóibín on Henry James,https://www.goodreads.com/book/show/9401754-all-a-novelist-needs
Colm_T_ib_n,Summer of ’38,https://www.goodreads.com/book/show/17563947-summer-of-38
Colm_T_ib_n,The Use of Reason,https://www.goodreads.com/book/show/1052654.The_Use_of_Reason
Colm_T_ib_n,Ploughshares Spring 2011,https://www.goodreads.com/book/show/11491875-ploughshares-spring-2011
Colm_T_ib_n,Synge: A Celebration,https://www.goodreads.com/book/show/1275257.Synge
Colm_T_ib_n,Beauty in a Broken Place,https://www.goodreads.com/book/show/4736575-beauty-in-a-broken-place
Colm_T_ib_n,The Kilfenora Teaboy: A Study of Paul Durcan,https://www.goodreads.com/book/show/400168.The_Kilfenora_Teaboy
Author_Name,Book_Title,Goodreads_Link
Fredrik_Backman,A Man Called Ove,https://www.goodreads.com/book/show/18774964-a-man-called-ove
Fredrik_Backman,My Grandmother Asked Me to Tell You She's Sorry,https://www.goodreads.com/book/show/23604559-my-grandmother-asked-me-to-tell-you-she-s-sorry
Fredrik_Backman,Beartown,https://www.goodreads.com/book/show/33413128-beartown
Fredrik_Backman,Britt-Marie Was Here,https://www.goodreads.com/book/show/27406704-britt-marie-was-here
Fredrik_Backman,And Every Morning the Way Home Gets Longer and Longer,https://www.goodreads.com/book/show/31373633-and-every-morning-the-way-home-gets-longer-and-longer
Fredrik_Backman,The Deal of a Lifetime,https://www.goodreads.com/book/show/36229962-the-deal-of-a-lifetime
Fredrik_Backman,Saker min son behöver veta om världen,https://www.goodreads.com/book/show/15910600-saker-min-son-beh-ver-veta-om-v-rlden
Fredrik_Backman,"Vi mot er (Björnstad, #2)",https://www.goodreads.com/book/show/35402986-vi-mot-er
Fredrik_Backman,Sebastian and the Troll,https://www.goodreads.com/book/show/37888454-sebastian-and-the-troll
Fredrik_Backman,The Fredrik Backman Box Set,https://www.goodreads.com/book/show/34228058-the-fredrik-backman-box-set
Fredrik_Backman,Gjyshja ime te pershendet dhe te kerkon ndjese,https://www.goodreads.com/book/show/38608061-gjyshja-ime-te-pershendet-dhe-te-kerkon-ndjese
Fredrik_Backman,The Fredrik Backman Set,https://www.goodreads.com/book/show/35707883-the-fredrik-backman-set
Fredrik_Backman,Ma grand-mère vous passe le bonjour,https://www.goodreads.com/book/show/38730231-ma-grand-m-re-vous-passe-le-bonjour
Fredrik_Backman,Gjyshja ime te pershendet dhe te kerkon ndjese,https://www.goodreads.com/book/show/38608054-gjyshja-ime-te-pershendet-dhe-te-kerkon-ndjese
Author_Name,Book_Title,Goodreads_Link
Ransom_Riggs,"Miss Peregrine’s Home for Peculiar Children (Miss Peregrine’s Peculiar Children, #1)",https://www.goodreads.com/book/show/9460487-miss-peregrine-s-home-for-peculiar-children
Ransom_Riggs,"Hollow City (Miss Peregrine’s Peculiar Children, #2)",https://www.goodreads.com/book/show/23164983-hollow-city
Ransom_Riggs,"Library of Souls (Miss Peregrine's Peculiar Children, #3)",https://www.goodreads.com/book/show/24120519-library-of-souls
Ransom_Riggs,"Tales of the Peculiar (Miss Peregrine's Peculiar Children, #0.5)",https://www.goodreads.com/book/show/29358487-tales-of-the-peculiar
Ransom_Riggs,"Miss Peregrine's Home for Peculiar Children: The Graphic Novel (Miss Peregrine's Peculiar Children Graphic Novels, #1)",https://www.goodreads.com/book/show/17333322-miss-peregrine-s-home-for-peculiar-children
Ransom_Riggs,Talking Pictures: Images and Messages Rescued from the Past,https://www.goodreads.com/book/show/11738906-talking-pictures
Ransom_Riggs,Miss Peregrine's Peculiar Children Boxed Set (Miss Peregrine's Peculiar Children #1-3),https://www.goodreads.com/book/show/24683749-miss-peregrine-s-peculiar-children-boxed-set
Ransom_Riggs,"Hollow City (Miss Peregrine's Peculiar Children Graphic Novels, #2)",https://www.goodreads.com/book/show/25903320-hollow-city
Ransom_Riggs,The Wonderful O,https://www.goodreads.com/book/show/32968557-the-wonderful-o
Ransom_Riggs,The Sherlock Holmes Handbook,https://www.goodreads.com/book/show/6778502-the-sherlock-holmes-handbook
Ransom_Riggs,Miss Peregrine's Home for Peculiar Children sampler,https://www.goodreads.com/book/show/30271238-miss-peregrine-s-home-for-peculiar-children-sampler
Ransom_Riggs,Breakfast on Mars and 37 Other Delectable Essays,https://www.goodreads.com/book/show/16002017-breakfast-on-mars-and-37-other-delectable-essays
Ransom_Riggs,Miss Peregrine's Journal for Peculiar Children,https://www.goodreads.com/book/show/31194232-miss-peregrine-s-journal-for-peculiar-children
Ransom_Riggs,The Art of Miss Peregrine's Home for Peculiar Children,https://www.goodreads.com/book/show/31836721-the-art-of-miss-peregrine-s-home-for-peculiar-children
Ransom_Riggs,The Blogger Abides,https://www.goodreads.com/book/show/17193921-the-blogger-abides
Ransom_Riggs,"Untitled (Miss Peregrine's Peculiar Children Second Trilogy, #1)",https://www.goodreads.com/book/show/32943032-untitled
Ransom_Riggs,Miss Peregrine's Peculiar 2017 Wall Calendar,https://www.goodreads.com/book/show/31674218-miss-peregrine-s-peculiar-2017-wall-calendar
Ransom_Riggs,Miss Peregrine's Peculiar Children: The Graphic Novel (Issues) (2 Book Series),https://www.goodreads.com/book/show/36417702-miss-peregrine-s-peculiar-children
Ransom_Riggs,Arcanum,https://www.goodreads.com/book/show/29082370-arcanum
Ransom_Riggs,The Wonderful O,https://www.goodreads.com/book/show/35355028-the-wonderful-o
Ransom_Riggs,Miss Peregrine's Home for Peculiar Children,https://www.goodreads.com/book/show/37712726-miss-peregrine-s-home-for-peculiar-children
Ransom_Riggs,La principessa dalla lingua biforcuta: I racconti degli Speciali,https://www.goodreads.com/book/show/35890431-la-principessa-dalla-lingua-biforcuta
Ransom_Riggs,MISS PEREGRINE ET LES ENFANTS PARTICULIERS T.01,https://www.goodreads.com/book/show/38615739-miss-peregrine-et-les-enfants-particuliers-t-01
Ransom_Riggs,I piccioni di Saint Paul: I racconti degli Speciali,https://www.goodreads.com/book/show/35890432-i-piccioni-di-saint-paul
Ransom_Riggs,Miss Peregrine et les enfants particuliers 2 - Hollow City,https://www.goodreads.com/book/show/37785573-miss-peregrine-et-les-enfants-particuliers-2---hollow-city
Ransom_Riggs,Il ragazzo che sapeva trattenere il mare: I racconti degli Speciali,https://www.goodreads.com/book/show/35755031-il-ragazzo-che-sapeva-trattenere-il-mare
Ransom_Riggs,"Fantastische Aussichten: Fantasy & Science Fiction bei Knaur: Ausgewählte Leseproben von Markus Heitz, Leigh Bardugo, Ransom Riggs, Liza Grimm u.v.m.",https://www.goodreads.com/book/show/36859134-fantastische-aussichten
Author_Name,Book_Title,Goodreads_Link
Paula_Hawkins,The Girl on the Train,https://www.goodreads.com/book/show/22557272-the-girl-on-the-train
Paula_Hawkins,Into the Water,https://www.goodreads.com/book/show/33151805-into-the-water
Paula_Hawkins,Girl on the Train - Preview,https://www.goodreads.com/book/show/25456705-girl-on-the-train---preview
Paula_Hawkins,Escrito na Água - Preview,https://www.goodreads.com/book/show/34994006-escrito-na-gua---preview
Paula_Hawkins,LA CHICA DEL TREN+TARJETERO,https://www.goodreads.com/book/show/38218580-la-chica-del-tren-tarjetero
Author_Name,Book_Title,Goodreads_Link
M_L_Stedman,The Light Between Oceans,https://www.goodreads.com/book/show/13158800-the-light-between-oceans
M_L_Stedman,Buzz Books 2012,https://www.goodreads.com/book/show/14109362-buzz-books-2012
Author_Name,Book_Title,Goodreads_Link
Rick_Yancey,"The 5th Wave (The 5th Wave, #1)",https://www.goodreads.com/book/show/16101128-the-5th-wave
Rick_Yancey,"The Infinite Sea (The 5th Wave, #2)",https://www.goodreads.com/book/show/16131484-the-infinite-sea
Rick_Yancey,"The Last Star (The 5th Wave, #3)",https://www.goodreads.com/book/show/16131489-the-last-star
Rick_Yancey,"The Monstrumologist (The Monstrumologist, #1)",https://www.goodreads.com/book/show/6457229-the-monstrumologist
Rick_Yancey,"The Curse of the Wendigo (The Monstrumologist, #2)",https://www.goodreads.com/book/show/7775755-the-curse-of-the-wendigo
Rick_Yancey,"The Extraordinary Adventures of Alfred Kropp (Alfred Kropp, #1)",https://www.goodreads.com/book/show/670339.The_Extraordinary_Adventures_of_Alfred_Kropp
Rick_Yancey,"The Isle of Blood (The Monstrumologist, #3)",https://www.goodreads.com/book/show/9955669-the-isle-of-blood
Rick_Yancey,"The Final Descent (The Monstrumologist, #4)",https://www.goodreads.com/book/show/13260751-the-final-descent
Rick_Yancey,Rags & Bones: New Twists on Timeless Tales,https://www.goodreads.com/book/show/17310066-rags-bones
Rick_Yancey,"The Seal of Solomon (Alfred Kropp, #2)",https://www.goodreads.com/book/show/384565.The_Seal_of_Solomon
Rick_Yancey,"The Thirteenth Skull (Alfred Kropp, #3)",https://www.goodreads.com/book/show/2043256.The_Thirteenth_Skull
Rick_Yancey,The 5th Wave Chapter Sampler,https://www.goodreads.com/book/show/17670415-the-5th-wave-chapter-sampler
Rick_Yancey,"The Highly Effective Detective (The Highly Effective Detective, #1)",https://www.goodreads.com/book/show/491548.The_Highly_Effective_Detective
Rick_Yancey,Confessions of a Tax Collector: One Man's Tour of Duty Inside the IRS,https://www.goodreads.com/book/show/196519.Confessions_of_a_Tax_Collector
Rick_Yancey,"The 5th Wave Box Set (The 5th Wave, #1-2)",https://www.goodreads.com/book/show/25576756-the-5th-wave-box-set
Rick_Yancey,"The Highly Effective Detective Goes to the Dogs (The Highly Effective Detective, #2)",https://www.goodreads.com/book/show/3087477-the-highly-effective-detective-goes-to-the-dogs
Rick_Yancey,"The Highly Effective Detective Plays the Fool (The Highly Effective Detective, #3)",https://www.goodreads.com/book/show/7700605-the-highly-effective-detective-plays-the-fool
Rick_Yancey,"The Highly Effective Detective Crosses the Line (The Highly Effective Detective, #4)",https://www.goodreads.com/book/show/8711136-the-highly-effective-detective-crosses-the-line
Rick_Yancey,"The Monstrumologist Collection (The Monstrumologist, #1-4)",https://www.goodreads.com/book/show/21471475-the-monstrumologist-collection
Rick_Yancey,"Rick Yancey Collection The 5th Wave Series 3 Books Bundle (The 5th Wave: The Last Star (Book 3), The 5th Wave: The Infinite Sea (Book 2), The 5th Wave (Book 1))",https://www.goodreads.com/book/show/32326140-rick-yancey-collection-the-5th-wave-series-3-books-bundle-the-5th-wave
Rick_Yancey,A Burning in Homeland,https://www.goodreads.com/book/show/670337.A_Burning_in_Homeland
Rick_Yancey,"Lightspeed Magazine, May 2013",https://www.goodreads.com/book/show/17882171-lightspeed-magazine-may-2013
Rick_Yancey,"The Monstrumologist Collection (The Monstrumologist, #1-3)",https://www.goodreads.com/book/show/17623050-the-monstrumologist-collection
Rick_Yancey,The 5th Wave Collection,https://www.goodreads.com/book/show/31868226-the-5th-wave-collection
Rick_Yancey,"The Highly Effective Detective Duo (The Highly Effective Detective, #1-2)",https://www.goodreads.com/book/show/11324644-the-highly-effective-detective-duo
Rick_Yancey,The Alfred Kropp Files: The Unauthorized Notes from the Author,https://www.goodreads.com/book/show/8201231-the-alfred-kropp-files
Rick_Yancey,The 5th Wave (3 Book Series),https://www.goodreads.com/book/show/33613802-the-5th-wave
Rick_Yancey,"Empire Rising (The Reign of Frogs, #1)",https://www.goodreads.com/book/show/11373881-empire-rising
Rick_Yancey,The 5th Wave: 5th Year Anniversary,https://www.goodreads.com/book/show/36911541-the-5th-wave
Rick_Yancey,Kane Chronicles x3 Shrinkwrap set,https://www.goodreads.com/book/show/37777190-kane-chronicles-x3-shrinkwrap-set
Author_Name,Book_Title,Goodreads_Link
Lisa_Genova,Still Alice,https://www.goodreads.com/book/show/2153405.Still_Alice
Lisa_Genova,Left Neglected,https://www.goodreads.com/book/show/8492768-left-neglected
Lisa_Genova,Inside the O'Briens,https://www.goodreads.com/book/show/22716194-inside-the-o-briens
Lisa_Genova,Love Anthony,https://www.goodreads.com/book/show/13547381-love-anthony
Lisa_Genova,Still Alice / Left Neglected,https://www.goodreads.com/book/show/12729619-still-alice-left-neglected
Lisa_Genova,On Pluto: Inside the Mind of Alzheimer's,https://www.goodreads.com/book/show/20344857-on-pluto
Lisa_Genova,Every Note Played,https://www.goodreads.com/book/show/36082326-every-note-played
Lisa_Genova,"Lisa Genova eBox Set: Still Alice, Left Neglected, and Love Anthony",https://www.goodreads.com/book/show/23419108-lisa-genova-ebox-set
Lisa_Genova,On Pluto: Inside the Mind of Alzheimer's: 2nd Edition,https://www.goodreads.com/book/show/38633839-on-pluto
Author_Name,Book_Title,Goodreads_Link
Kody_Keplinger,The DUFF: Designated Ugly Fat Friend,https://www.goodreads.com/book/show/6931356-the-duff
Kody_Keplinger,Shut Out,https://www.goodreads.com/book/show/10757771-shut-out
Kody_Keplinger,A Midsummer's Nightmare,https://www.goodreads.com/book/show/12813860-a-midsummer-s-nightmare
Kody_Keplinger,Lying Out Loud,https://www.goodreads.com/book/show/23361244-lying-out-loud
Kody_Keplinger,Run,https://www.goodreads.com/book/show/23613983-run
Kody_Keplinger,Secrets and Lies,https://www.goodreads.com/book/show/16089381-secrets-and-lies
Kody_Keplinger,The Swift Boys & Me,https://www.goodreads.com/book/show/18693363-the-swift-boys-me
Kody_Keplinger,Here We Are: Feminism for the Real World,https://www.goodreads.com/book/show/30754000-here-we-are
Kody_Keplinger,All Out: The No-Longer-Secret Stories of Queer Teens Throughout the Ages,https://www.goodreads.com/book/show/35140599-all-out
Kody_Keplinger,Unbroken: 13 Stories Starring Disabled Teens,https://www.goodreads.com/book/show/35120779-unbroken
Kody_Keplinger,MDR - Menteuse Drolement Raleuse,https://www.goodreads.com/book/show/35546835-mdr---menteuse-drolement-raleuse
Kody_Keplinger,That's Not What Happened,https://www.goodreads.com/book/show/37825410-that-s-not-what-happened
Author_Name,Book_Title,Goodreads_Link
Uzodinma_Iweala,Speak No Evil,https://www.goodreads.com/book/show/35180983-speak-no-evil
Uzodinma_Iweala,"Our Kind of People: A Continent's Challenge, A Country's Hope",https://www.goodreads.com/book/show/13426001-our-kind-of-people
Uzodinma_Iweala,Love in the Time of AIDS,https://www.goodreads.com/book/show/7716362-love-in-the-time-of-aids
Uzodinma_Iweala,"Dedicated to the People of Darfur: Writings on Fear, Risk, and Hope",https://www.goodreads.com/book/show/6676979-dedicated-to-the-people-of-darfur
Uzodinma_Iweala,McSweeney's #26,https://www.goodreads.com/book/show/1582897.McSweeney_s_26
Uzodinma_Iweala,Rotten English: A Literary Anthology,https://www.goodreads.com/book/show/1286510.Rotten_English
Uzodinma_Iweala,Granta em Português #1: Os Melhores Jovens Escritores Norte-Americanos,https://www.goodreads.com/book/show/11746916-granta-em-portugu-s-1
Uzodinma_Iweala,Beasts of No Nation,https://www.goodreads.com/book/show/413177.Beasts_of_No_Nation
Uzodinma_Iweala,The River Between,https://www.goodreads.com/book/show/22571513-the-river-between
Author_Name,Book_Title,Goodreads_Link
Kevin_Wilson,The Family Fang,https://www.goodreads.com/book/show/10149142-the-family-fang
Kevin_Wilson,Perfect Little World,https://www.goodreads.com/book/show/29229956-perfect-little-world
Kevin_Wilson,Tunneling to the Center of the Earth: Stories,https://www.goodreads.com/book/show/4015864-tunneling-to-the-center-of-the-earth
Kevin_Wilson,The Bird's Nest,https://www.goodreads.com/book/show/20025559-the-bird-s-nest
Kevin_Wilson,xo Orpheus: Fifty New Myths,https://www.goodreads.com/book/show/17707758-xo-orpheus
Kevin_Wilson,The PEN/O. Henry Prize Stories: 2012,https://www.goodreads.com/book/show/12602668-the-pen-o-henry-prize-stories
Kevin_Wilson,New Stories from the South 2010: The Year's Best,https://www.goodreads.com/book/show/7952787-new-stories-from-the-south-2010
Kevin_Wilson,"Fakes: An Anthology of Pseudo-Interviews, Faux-Lectures, Quasi-Letters, ""Found"" Texts, and Other Fraudulent Artifacts",https://www.goodreads.com/book/show/13707671-fakes
Kevin_Wilson,First Year : an mlp anthology,https://www.goodreads.com/book/show/7248483-first-year
Kevin_Wilson,Best of the Web 2010,https://www.goodreads.com/book/show/19439874-best-of-the-web-2010
Kevin_Wilson,The Picador Book of 40: 40 Writers Inspired by a Number,https://www.goodreads.com/book/show/16148679-the-picador-book-of-40
Kevin_Wilson,Ploughshares Summer 2015,https://www.goodreads.com/book/show/25923103-ploughshares-summer-2015
Kevin_Wilson,"Astoria to Zion: Twenty-Six Stories of Risk and Abandon from ""Ecotone""'s First Decade",https://www.goodreads.com/book/show/18474721-astoria-to-zion
Kevin_Wilson,Monsters: A Collection of Literary Sightings,https://www.goodreads.com/book/show/13575859-monsters
Kevin_Wilson,Joyland Retro: Selections from Joyland Magazine,https://www.goodreads.com/book/show/13312681-joyland-retro
Kevin_Wilson,So Dark in the Wolf's Maw (chapbook),https://www.goodreads.com/book/show/7953525-so-dark-in-the-wolf-s-maw
Kevin_Wilson,Bull: Men's Fiction,https://www.goodreads.com/book/show/14656581-bull
Kevin_Wilson,The Emerson Review,https://www.goodreads.com/book/show/13496672-the-emerson-review
Author_Name,Book_Title,Goodreads_Link
Jonathan_Tropper,This is Where I Leave You,https://www.goodreads.com/book/show/6224935-this-is-where-i-leave-you
Jonathan_Tropper,One Last Thing Before I Go,https://www.goodreads.com/book/show/13586743-one-last-thing-before-i-go
Jonathan_Tropper,The Book of Joe,https://www.goodreads.com/book/show/46661.The_Book_of_Joe
Jonathan_Tropper,How to Talk to a Widower,https://www.goodreads.com/book/show/242157.How_to_Talk_to_a_Widower
Jonathan_Tropper,Everything Changes,https://www.goodreads.com/book/show/242159.Everything_Changes
Jonathan_Tropper,Plan B,https://www.goodreads.com/book/show/53849.Plan_B
Jonathan_Tropper,Banshee: Extended Edition,https://www.goodreads.com/book/show/18302453-banshee
Jonathan_Tropper,What the World is Reading Summer 2013,https://www.goodreads.com/book/show/38748862-what-the-world-is-reading-summer-2013
Author_Name,Book_Title,Goodreads_Link
Jesse_Andrews,Me and Earl and the Dying Girl,https://www.goodreads.com/book/show/12700353-me-and-earl-and-the-dying-girl
Jesse_Andrews,The Haters,https://www.goodreads.com/book/show/26095121-the-haters
Jesse_Andrews,Munmun,https://www.goodreads.com/book/show/36310515-munmun
Jesse_Andrews,Take a Pique,https://www.goodreads.com/book/show/30845586-take-a-pique
Jesse_Andrews,Untitled,https://www.goodreads.com/book/show/26138390-untitled
Author_Name,Book_Title,Goodreads_Link
Margaret_Atwood,The Handmaid's Tale,https://www.goodreads.com/book/show/38447.The_Handmaid_s_Tale
Margaret_Atwood,"Oryx and Crake (MaddAddam, #1)",https://www.goodreads.com/book/show/46756.Oryx_and_Crake
Margaret_Atwood,The Blind Assassin,https://www.goodreads.com/book/show/78433.The_Blind_Assassin
Margaret_Atwood,"The Year of the Flood  (MaddAddam, #2)",https://www.goodreads.com/book/show/6080337-the-year-of-the-flood
Margaret_Atwood,Alias Grace,https://www.goodreads.com/book/show/72579.Alias_Grace
Margaret_Atwood,Cat's Eye,https://www.goodreads.com/book/show/51019.Cat_s_Eye
Margaret_Atwood,"MaddAddam (MaddAddam, #3)",https://www.goodreads.com/book/show/17262203-maddaddam
Margaret_Atwood,The Robber Bride,https://www.goodreads.com/book/show/17650.The_Robber_Bride
Margaret_Atwood,The Heart Goes Last,https://www.goodreads.com/book/show/24388326-the-heart-goes-last
Margaret_Atwood,The Penelopiad,https://www.goodreads.com/book/show/17645.The_Penelopiad
Margaret_Atwood,The Edible Woman,https://www.goodreads.com/book/show/133445.The_Edible_Woman
Margaret_Atwood,Surfacing,https://www.goodreads.com/book/show/46755.Surfacing
Margaret_Atwood,Stone Mattress: Nine Tales,https://www.goodreads.com/book/show/22642472-stone-mattress
Margaret_Atwood,Hag-Seed,https://www.goodreads.com/book/show/28588073-hag-seed
Margaret_Atwood,Lady Oracle,https://www.goodreads.com/book/show/47122.Lady_Oracle
Margaret_Atwood,Moral Disorder and Other Stories,https://www.goodreads.com/book/show/17644.Moral_Disorder_and_Other_Stories
Margaret_Atwood,Wilderness Tips,https://www.goodreads.com/book/show/103162.Wilderness_Tips
Margaret_Atwood,Bluebeard's Egg,https://www.goodreads.com/book/show/50536.Bluebeard_s_Egg
Margaret_Atwood,Bodily Harm,https://www.goodreads.com/book/show/160728.Bodily_Harm
Margaret_Atwood,The Tent,https://www.goodreads.com/book/show/17646.The_Tent
Margaret_Atwood,Life Before Man,https://www.goodreads.com/book/show/72584.Life_Before_Man
Margaret_Atwood,"I'm Starved for You (Positron, #1)",https://www.goodreads.com/book/show/13515663-i-m-starved-for-you
Margaret_Atwood,Dancing Girls and Other Stories,https://www.goodreads.com/book/show/17649.Dancing_Girls_and_Other_Stories
Margaret_Atwood,Negotiating with the Dead,https://www.goodreads.com/book/show/17647.Negotiating_with_the_Dead
Margaret_Atwood,Good Bones and Simple Murders,https://www.goodreads.com/book/show/47126.Good_Bones_and_Simple_Murders
Margaret_Atwood,The MaddAddam Trilogy: Oryx and Crake; The Year of the Flood; MaddAddam,https://www.goodreads.com/book/show/18594761-the-maddaddam-trilogy
Margaret_Atwood,Morning in the Burned House,https://www.goodreads.com/book/show/28776.Morning_in_the_Burned_House
Margaret_Atwood,"Angel Catbird, Vol. 1 (Angel Catbird, #1)",https://www.goodreads.com/book/show/28146168-angel-catbird-vol-1
Margaret_Atwood,Payback: Debt and the Shadow Side of Wealth,https://www.goodreads.com/book/show/3428252-payback
Margaret_Atwood,Good Bones,https://www.goodreads.com/book/show/72587.Good_Bones
Author_Name,Book_Title,Goodreads_Link
Herman_Koch,The Dinner,https://www.goodreads.com/book/show/15797938-the-dinner
Herman_Koch,Summer House with Swimming Pool,https://www.goodreads.com/book/show/18594633-summer-house-with-swimming-pool
Herman_Koch,Dear Mr. M,https://www.goodreads.com/book/show/28186095-dear-mr-m
Herman_Koch,Makkelijk leven,https://www.goodreads.com/book/show/34183445-makkelijk-leven
Herman_Koch,De greppel,https://www.goodreads.com/book/show/31368475-de-greppel
Herman_Koch,"Red ons, Maria Montanelli",https://www.goodreads.com/book/show/2992957-red-ons-maria-montanelli
Herman_Koch,Zomerhuis met zwembad / Het diner,https://www.goodreads.com/book/show/22487699-zomerhuis-met-zwembad-het-diner
Herman_Koch,Odessa Star,https://www.goodreads.com/book/show/6620646-odessa-star
Herman_Koch,Denken aan Bruce Kennedy,https://www.goodreads.com/book/show/8649117-denken-aan-bruce-kennedy
Herman_Koch,Eten met Emma,https://www.goodreads.com/book/show/6620640-eten-met-emma
Herman_Koch,De ideale schoonzoon,https://www.goodreads.com/book/show/8499506-de-ideale-schoonzoon
Herman_Koch,Korte geschiedenis van het bedrog: de verhalen,https://www.goodreads.com/book/show/13548765-korte-geschiedenis-van-het-bedrog
Herman_Koch,Lange wandeling naar de eeuwigheid,https://www.goodreads.com/book/show/26735244-lange-wandeling-naar-de-eeuwigheid
Herman_Koch,Eindelijk oorlog,https://www.goodreads.com/book/show/2872582-eindelijk-oorlog
Herman_Koch,Over de lengte van een gang,https://www.goodreads.com/book/show/16091915-over-de-lengte-van-een-gang
Herman_Koch,Dingetje,https://www.goodreads.com/book/show/2992958-dingetje
Herman_Koch,Geen agenda,https://www.goodreads.com/book/show/7292240-geen-agenda
Herman_Koch,Of heb ik het verzonnen?,https://www.goodreads.com/book/show/36495984-of-heb-ik-het-verzonnen
Herman_Koch,Stervensuur,https://www.goodreads.com/book/show/8579589-stervensuur
Herman_Koch,Het evangelie volgens Jodocus,https://www.goodreads.com/book/show/6752601-het-evangelie-volgens-jodocus
Herman_Koch,Schrijven & drinken,https://www.goodreads.com/book/show/17972838-schrijven-drinken
Herman_Koch,Korte geschiedenis van het bedrog,https://www.goodreads.com/book/show/16022567-korte-geschiedenis-van-het-bedrog
Herman_Koch,De voorbijganger,https://www.goodreads.com/book/show/17734411-de-voorbijganger
Herman_Koch,De weg kwijt,https://www.goodreads.com/book/show/31694706-de-weg-kwijt
Herman_Koch,Nooit meer Frankrijk,https://www.goodreads.com/book/show/22052311-nooit-meer-frankrijk
Herman_Koch,Nooit meer de Provence,https://www.goodreads.com/book/show/17321145-nooit-meer-de-provence
Herman_Koch,Hansaplast voor een opstandige,https://www.goodreads.com/book/show/29889838-hansaplast-voor-een-opstandige
Herman_Koch,Plons,https://www.goodreads.com/book/show/34035942-plons
Herman_Koch,Het liegen van de waarheid,https://www.goodreads.com/book/show/38467232-het-liegen-van-de-waarheid
Herman_Koch,De best wel dikke Koch,https://www.goodreads.com/book/show/34091441-de-best-wel-dikke-koch
Author_Name,Book_Title,Goodreads_Link
Ben_Fountain,Billy Lynn's Long Halftime Walk,https://www.goodreads.com/book/show/13325079-billy-lynn-s-long-halftime-walk
Ben_Fountain,Brief Encounters with Che Guevara: Stories,https://www.goodreads.com/book/show/329266.Brief_Encounters_with_Che_Guevara
Ben_Fountain,The Ecco Anthology of Contemporary American Short Fiction,https://www.goodreads.com/book/show/3039131-the-ecco-anthology-of-contemporary-american-short-fiction
Ben_Fountain,The Year's Best Fantasy and Horror: Twentieth Annual Collection,https://www.goodreads.com/book/show/559897.The_Year_s_Best_Fantasy_and_Horror
Ben_Fountain,Dallas Noir,https://www.goodreads.com/book/show/19026579-dallas-noir
Ben_Fountain,Haiti Noir 2: The Classics,https://www.goodreads.com/book/show/20554912-haiti-noir-2
Ben_Fountain,"Astoria to Zion: Twenty-Six Stories of Risk and Abandon from ""Ecotone""'s First Decade",https://www.goodreads.com/book/show/18474721-astoria-to-zion
Ben_Fountain,"Beautiful Country Burn Again: An Election, A Rebellion, and the Next American Revolution",https://www.goodreads.com/book/show/36099185-beautiful-country-burn-again
Author_Name,Book_Title,Goodreads_Link
Orson_Scott_Card,"Ender's Game (Ender's Saga, #1)",https://www.goodreads.com/book/show/375802.Ender_s_Game
Orson_Scott_Card,"Speaker for the Dead (Ender's Saga, #2)",https://www.goodreads.com/book/show/7967.Speaker_for_the_Dead
Orson_Scott_Card,"Ender's Shadow (The Shadow Series, #1)",https://www.goodreads.com/book/show/9532.Ender_s_Shadow
Orson_Scott_Card,"Xenocide (Ender's Saga, #3)",https://www.goodreads.com/book/show/8648.Xenocide
Orson_Scott_Card,"Children of the Mind (Ender's Saga, #4)",https://www.goodreads.com/book/show/31360.Children_of_the_Mind
Orson_Scott_Card,"Shadow of the Hegemon (The Shadow Series, #2)",https://www.goodreads.com/book/show/9534.Shadow_of_the_Hegemon
Orson_Scott_Card,"Shadow Puppets (The Shadow Series, #3)",https://www.goodreads.com/book/show/234724.Shadow_Puppets
Orson_Scott_Card,"Shadow of the Giant (Ender's Shadow, #4)",https://www.goodreads.com/book/show/8647.Shadow_of_the_Giant
Orson_Scott_Card,"Ender in Exile (Ender's Saga, #1.2)",https://www.goodreads.com/book/show/3220405-ender-in-exile
Orson_Scott_Card,"Earth Unaware (The First Formic War, #1)",https://www.goodreads.com/book/show/13151129-earth-unaware
Orson_Scott_Card,"Seventh Son (Tales of Alvin Maker, #1)",https://www.goodreads.com/book/show/40290.Seventh_Son
Orson_Scott_Card,Enchantment,https://www.goodreads.com/book/show/7973.Enchantment
Orson_Scott_Card,"The Lost Gate (Mither Mages, #1)",https://www.goodreads.com/book/show/9265891-the-lost-gate
Orson_Scott_Card,"Pathfinder (Pathfinder, #1)",https://www.goodreads.com/book/show/8100267-pathfinder
Orson_Scott_Card,The Abyss,https://www.goodreads.com/book/show/40289.The_Abyss
Orson_Scott_Card,"Red Prophet (Tales of Alvin Maker, #2)",https://www.goodreads.com/book/show/7968.Red_Prophet
Orson_Scott_Card,"Prentice Alvin (Tales of Alvin Maker, #3)",https://www.goodreads.com/book/show/31357.Prentice_Alvin
Orson_Scott_Card,"Shadows in Flight (Ender's Shadow, #5)",https://www.goodreads.com/book/show/12040447-shadows-in-flight
Orson_Scott_Card,"Alvin Journeyman (Tales of Alvin Maker, #4)",https://www.goodreads.com/book/show/40271.Alvin_Journeyman
Orson_Scott_Card,Pastwatch: The Redemption of Christopher Columbus,https://www.goodreads.com/book/show/40293.Pastwatch
Orson_Scott_Card,"The Memory of Earth (Homecoming, #1)",https://www.goodreads.com/book/show/92956.The_Memory_of_Earth
Orson_Scott_Card,"A War of Gifts (Ender's Saga, #1.1)",https://www.goodreads.com/book/show/552987.A_War_of_Gifts
Orson_Scott_Card,"The Gate Thief (Mither Mages, #2)",https://www.goodreads.com/book/show/15793068-the-gate-thief
Orson_Scott_Card,"Heartfire (Tales of Alvin Maker, #5)",https://www.goodreads.com/book/show/7962.Heartfire
Orson_Scott_Card,"First Meetings in Ender's Universe (Ender's Saga, #0.5)",https://www.goodreads.com/book/show/7957.First_Meetings_in_Ender_s_Universe
Orson_Scott_Card,"Earth Afire (The First Formic War, #2)",https://www.goodreads.com/book/show/16059350-earth-afire
Orson_Scott_Card,"Sarah (Women of Genesis, #1)",https://www.goodreads.com/book/show/7958.Sarah
Orson_Scott_Card,"The Call of Earth (Homecoming, #2)",https://www.goodreads.com/book/show/7971.The_Call_of_Earth
Orson_Scott_Card,"The Crystal City (Tales of Alvin Maker, #6)",https://www.goodreads.com/book/show/92923.The_Crystal_City
Orson_Scott_Card,"Ruins (Pathfinder, #2)",https://www.goodreads.com/book/show/10148930-ruins
Author_Name,Book_Title,Goodreads_Link
Gayle_Forman,"If I Stay (If I Stay, #1)",https://www.goodreads.com/book/show/4374400-if-i-stay
Gayle_Forman,"Where She Went (If I Stay, #2)",https://www.goodreads.com/book/show/8492825-where-she-went
Gayle_Forman,"Just One Day (Just One Day, #1)",https://www.goodreads.com/book/show/17623975-just-one-day
Gayle_Forman,I Was Here,https://www.goodreads.com/book/show/18879761-i-was-here
Gayle_Forman,"Just One Year (Just One Day, #2)",https://www.goodreads.com/book/show/12842134-just-one-year
Gayle_Forman,My True Love Gave to Me: Twelve Holiday Stories,https://www.goodreads.com/book/show/20309175-my-true-love-gave-to-me
Gayle_Forman,"Just One Night (Just One Day, #2.5)",https://www.goodreads.com/book/show/22021611-just-one-night
Gayle_Forman,Leave Me,https://www.goodreads.com/book/show/28110865-leave-me
Gayle_Forman,"If I Stay Collection (If I Stay, #1-2)",https://www.goodreads.com/book/show/21873331-if-i-stay-collection
Gayle_Forman,Sisters in Sanity,https://www.goodreads.com/book/show/534258.Sisters_in_Sanity
Gayle_Forman,Who Done It?,https://www.goodreads.com/book/show/15792598-who-done-it
Gayle_Forman,Tatterhood: Feminist Folktales from Around the World: 1,https://www.goodreads.com/book/show/32041357-tatterhood
Gayle_Forman,You Can't Get There from Here: A Year on the Fringes of a Shrinking World,https://www.goodreads.com/book/show/534257.You_Can_t_Get_There_from_Here
Gayle_Forman,Love Hurts,https://www.goodreads.com/book/show/23454354-love-hurts
Gayle_Forman,"Just One Day Collection (Just One Day, #1-2.5)",https://www.goodreads.com/book/show/24847490-just-one-day-collection
Gayle_Forman,I Have Lost My Way,https://www.goodreads.com/book/show/36470842-i-have-lost-my-way
Gayle_Forman,Words of Wisdom on Healthy Relationships: A Practical Guide to Creating Extraordinary Relationships,https://www.goodreads.com/book/show/22784804-words-of-wisdom-on-healthy-relationships
Gayle_Forman,Se eu Ficar (Amostra) com conteúdo exclusivo,https://www.goodreads.com/book/show/31838290-se-eu-ficar-amostra-com-conte-do-exclusivo
Gayle_Forman,Hope Nation: YA Authors Share Personal Moments of Inspiration,https://www.goodreads.com/book/show/34959355-hope-nation
Gayle_Forman,Penguin Teen Spring 2013 Preview,https://www.goodreads.com/book/show/16050794-penguin-teen-spring-2013-preview
Gayle_Forman,Penguin Teen Winter 2015 Preview,https://www.goodreads.com/book/show/24945944-penguin-teen-winter-2015-preview
Gayle_Forman,Dear Heartbreak: YA Authors and Teens on the Dark Side of Love,https://www.goodreads.com/book/show/36952607-dear-heartbreak
Gayle_Forman,Pour Your Heart Out,https://www.goodreads.com/book/show/35628802-pour-your-heart-out
Gayle_Forman,Gayle Gorman Asst,https://www.goodreads.com/book/show/31259692-gayle-gorman-asst
